{
   "type": "entity",
   "mixins": "file(decorative_wall_shield_ghost.json)",
   "components": {
      "stonehearth:entity_forms": {
         "iconic_form": "file(decorative_wall_shield_iconic.json)",
         "ghost_form": "file(decorative_wall_shield_ghost.json)",
         "placeable_on_walls": true
      },
      "region_collision_shape": {
         "region_collision_type": "none",
         "region": [
            {
               "min": { "x": 1, "y": 1, "z": 1 },
               "max": { "x": 1, "y": 1, "z": 1 }
            }
         ]
      }
   },
   "entity_data": {
      "stonehearth:net_worth": {
         "value_in_gold": 35,
         "rarity": "common",
         "shop_info": {
            "buyable": true,
            "sellable": true,
            "shopkeeper_level": 1,
            "shopkeeper_type": "caravan"
         }
      },
      "stonehearth:appeal": {
         "appeal": 18
      },
      "stonehearth:item_quality": {
         "variable_quality": true
      }
   }
}
