{
   "type": "entity",
   "components": {
      "mob": {
         "mob_collision_type": "none",
         "region_origin": { "x": 0.5, "y": 0, "z": 0.5 }
      },
      "destination": {
         "region": [
            {
               "min": { "x": 0, "y": 0, "z": 0 },
               "max": { "x": 1, "y": 1, "z": 1 }
            }
         ],
         "adjacent": [
            {
               "min": { "x": 0, "y": 0, "z": 0 },
               "max": { "x": 1, "y": 1, "z": 1 }
            }
         ]
      },
      "stonehearth:center_of_attention_spot": {}
   },
   "entity_data": {}
}
