{
   "mixins": "stonehearth:mixins:placed_object",
   "type": "entity",
   "components": {
      "model_variants": {
         "default": {
            "models": [
               "file(fireplace_big.qb)"
            ]
         }
      },
	  "render_info": {
         "scale": 0.1
      },
      "mob": {
         "model_origin": { "x": 0, "y": 0, "z": 0 },
         "region_origin": { "x": 0, "y": 0, "z": 0 },
		 "align_to_grid": [
            "x",
            "z"
         ]
      },
   },
   "entity_data": {
      "stonehearth:hide_child_entities_from_pathfinder": true,
      "stonehearth:catalog": {
         "portrait": "file(fireplace_big.png)",
         "display_name": "i18n(nordlingmod:entities.decoration.fireplace_big.fireplace_big_ghost.display_name)",
         "description": "i18n(nordlingmod:entities.decoration.fireplace_big.fireplace_big_ghost.description)",
         "icon": "file(fireplace_big.png)",
         "category": "decoration",
         "material_tags": "fireplace light stone light_source stockpile_decoration"
      }
   }
}
