{
   "mixins": "file(fireplace_big_ghost.json)",
   "type": "entity",
   "components": {
      "stonehearth:entity_forms": {
         "ghost_form": "file(fireplace_big_ghost.json)",
         "iconic_form": "file(fireplace_big_iconic.json)",
         "placeable_on_ground": true
      },
      "stonehearth:firepit": {},
      "stonehearth:lamp": {
         "light_policy": "manual",
		 "light_effect": "/nordlingmod/data/effects/fireplace/fireplace_effect.json",
         "light_origin": { "x": 0, "y": 1, "z": 0 }
      },
       "destination": {
         "region": [
            {
               "min": { "x": -1, "y": 0, "z": -1 },
               "max": { "x": 1, "y": 2, "z": 1 }
            }
         ]
      },
      "region_collision_shape": {
         "region": [
            {
               "min": { "x": -1, "y": 0, "z": -1 },
               "max": { "x": 1, "y": 2, "z": 1 }
            }
         ]
      }
   },
   "entity_data": {
		"stonehearth:table": {
			"drop_effect": "carry_putdown_on_table",
			"drop_offset": { "x": -0.5, "y": 0.5, "z": -0.5 }
		},
      "stonehearth:net_worth": {
         "value_in_gold": 10,
         "rarity": "common",
         "shop_info": {
            "buyable": false,
            "sellable": true
         }
      },
      "stonehearth:appeal": {
         "appeal": 9
      },
      "stonehearth:item_quality": {
         "variable_quality": true
      }
   }
}
