{
   "mixins": "stonehearth:mixins:item_properties",
   "type": "entity",
   "components": {
		"render_info": {
         "scale": 0.045
		 },
      "model_variants": {
         "default": {
            "models": [
               "file(honey_serving.qb)"
            ]
         }
      }
   },
   "entity_data": {
      "stonehearth:item": {
         "category": "food",
         "destroy_on_uncarry": true
      },
      "stonehearth:food": {
         "stonehearth:sitting_on_chair": {
            "satisfaction": 30
         },
         "default": {
            "satisfaction": 26
         },
         "quality": 3
      },
"stonehearth:net_worth": {
	"value_in_gold": 0,
	"shop_info": {
		"buyable": false,
		"sellable": false
	}
},
"stonehearth:catalog": {
	"display_name": "i18n(nordlingmod:entities.food.honey.honey_serving.display_name)",
	"description": "i18n(nordlingmod:entities.food.honey.honey_serving.description)",
	"icon": "file(honey_serving.png)",
	"is_item": true,
	"category": "food",
	"material_tags": "food vegetarian",
	"subject_override": "nordlingmod:food:honey:honey"
}
}
}