{
   "mixins": "stonehearth:mixins:item_properties",
   "type": "entity",
   "components": {
		"render_info": {
         "scale": 0.08
		 },
		"model_variants": {
         "default": {
            "models": [
               "file(honey.qb)"
            ]
         }
      },
      "mob": {
         "model_origin": { "x": 0, "y": 0, "z": 0.00 }
      },
      "stonehearth:stacks": {
         "max_stacks": 4
      }
   },
   "entity_data": {
		"stonehearth:food_container": {
			"effect": "fiddle",
			"food": "nordlingmod:food:honey:honey_serving"
      },
      "stonehearth:net_worth": {
         "value_in_gold": 15,
         "rarity": "common",
         "shop_info": {
            "buyable": true,
            "sellable": true,
            "shopkeeper_level": 1,
            "shopkeeper_type": "caravan"
         }
      },
      "stonehearth:catalog": {
         "display_name": "i18n(nordlingmod:entities.food.honey.honey.display_name)",
         "description": "i18n(nordlingmod:entities.food.honey.honey.description)",
         "icon": "file(honey.png)",
         "is_item": true,
         "category": "food",
         "material_tags": "food_container food honey vegetarian stockpile_prepared_food"
      },
      "stonehearth:appeal": {
         "appeal": 1
      }
   }
}
